fid,year_raw,length_km,n_vertices,mean_vertex_spacing_m,is_simple,dup_vertices,gap_start_m,gap_end_m,overlap_with_same_year_frac,x0,y0,x1,y1
0,1990,11.104103067248422,70,160.92902996012208,False,0,4632.91550611698,657.1619496442033,0.0027608245936933213,348205.9948985898,2034154.2273751732,351669.49697958364,2031288.0927478564
1,1990,5.829037738032773,39,153.39572994823087,True,0,657.1619496442033,1660.1285666919027,0.00268880831277329,352154.7830342401,2031731.2171922466,355559.4828029914,2027269.5824143493
2,1990,18.476427024160138,33,577.3883445050043,True,0,12893.623141662285,1660.1285666919027,0.0,368392.9572457747,2026025.6163996859,357219.555493624,2027255.9618503982
5,2000,19.816187701524356,124,161.10721708556386,True,2,13047.07706814139,1891.0311824179469,0.0,368372.2776751404,2026008.5688872342,357276.2744241136,2027229.5734153707
6,2000,17.159780020751842,160,107.92314478460277,False,1,1891.0311824179469,3367.2538652508724,0.0,355385.5154011501,2027261.6553411083,348216.9606423575,2034083.1143325933
7,2000,4.101998887372847,44,95.39532296215924,True,0,4551.434375996911,3367.2538652508724,0.0,352087.69839375385,2031688.7576050104,349936.52004326694,2031188.0298675403
3,2010,18.704480090068234,309,60.728831461260505,True,0,25.581570001258232,15.742647717671767,0.5775553060722913,348178.14984495007,2034087.7959787948,355359.7546920573,2027242.6844158967
4,2010,19.73824383980893,278,71.25719797764957,True,2,1675.9222936871784,13050.139472785571,0.0,357049.02047205996,2027228.8299759747,368363.6690620333,2025988.7755324675
10,2010,7.1700242971216355,38,193.78444046274691,True,0,15.742647717671767,1263.9071842665421,0.5943323330413849,355373.10725379706,2027234.345348074,351080.48724014126,2031280.1855977545
11,2010,11.111063989955856,45,252.5241815899058,True,0,1263.9071842665421,25.581570001258232,0.5833183388481796,352269.9440313668,2031707.5658877166,348175.6809603147,2034062.3338238902
8,2020,19.454794837823407,233,83.85687430096296,True,4,12929.71251982792,2172.6184156739932,0.013454543212861114,368367.6845441592,2025997.8185768675,357347.17132835195,2027221.4109479135
9,2020,1.6570519803132604,19,92.0584433507367,True,0,2171.2352814170217,2175.2170727622406,0.15703371473423797,355871.60578564706,2029343.6817326217,355878.84942475555,2029345.4241697867
12,2020,14.411290336654659,85,171.56298019826977,True,0,2171.2352814170217,9038.514486748989,0.0,355175.5444810793,2027287.0433814395,348184.090392065,2034097.2962732224
13,2025,4.137853594506169,7,689.6422657510283,True,0,3513.7485599456177,0.4778054972807891,0.0036802027584852317,348181.20904856676,2034075.7627707503,351825.84922220244,2032128.6806242105
14,2025,10.395200876007433,135,77.57612594035398,True,0,0.4778054972807891,1366.2227603844015,0.004357700463500029,351825.5077524923,2032128.346413902,355275.67269118526,2027259.5047545212
15,2025,4.4156362333621,36,126.16103523891714,True,0,2003.0940694404821,524.2738303619938,0.006797614668812081,350091.0334164976,2031126.3560802145,352139.81652601465,2031708.7358276565
16,2025,1.3376089224784704,12,121.60081113440641,True,0,299.71550421096947,164.19443453223468,0.0,357024.65891161526,2027246.4338108948,357160.23883486004,2027245.4272012361
17,2025,1.751190776224134,16,116.74605174827562,False,2,1171.3654120686635,1153.5339443221537,0.0,356315.71876194107,2028178.904074641,356310.0945225855,2028151.993469136
18,2025,18.796144162080797,56,341.7480756741963,True,1,164.19443453223468,11309.998590432913,0.0,357324.34041017876,2027250.9485515486,368398.2368662484,2025971.273222274
19,Hig,3.143065252006268,19,174.61473622257043,True,0,,,0.0,351732.0611443969,2032292.626329703,351608.9916925266,2032321.8583521056
