poly,Risk_Level,method,barangay,area_ha
0,LOW,straight,Linao,0.2548091763197579
0,LOW,nearest_tol,Linao,0.25480917631975786
1,LOW,straight,,0.0849397929821517
1,LOW,nearest_tol,Linao,0.0849397929821517
2,LOW,straight,Linao,0.08493681338429364
2,LOW,nearest_tol,Linao,0.08493681338429365
3,LOW,straight,,0.0849402931566769
3,LOW,nearest_tol,Linao,0.0849402931566769
4,LOW,straight,Linao,0.08493705460408608
4,LOW,nearest_tol,Linao,0.08493705460408607
5,LOW,straight,,0.16988042500150882
5,LOW,nearest_tol,Linao,0.16988042500150882
6,LOW,straight,Linao,0.0307126367991432
6,LOW,straight,,0.05422631582497554
6,LOW,nearest_tol,Linao,0.08493895262411874
7,LOW,straight,Linao,0.014153159661079025
7,LOW,straight,,0.07078536861955431
7,LOW,nearest_tol,Linao,0.08493852828063334
8,LOW,straight,,0.08495269477196957
8,LOW,nearest_tol,,0.08495269477196957
9,LOW,straight,Linao,0.016748963994731785
9,LOW,straight,,0.06818858604551425
9,LOW,nearest_tol,Linao,0.08493755004024604
10,LOW,straight,Linao,0.08493469948723037
10,LOW,nearest_tol,Linao,0.08493469948723037
11,LOW,straight,Linao,0.028431014278366938
11,LOW,straight,,0.05650625880817336
11,LOW,nearest_tol,Linao,0.0849372730865403
12,LOW,straight,,2.4636035922883326
12,LOW,nearest_tol,,2.4636035922883326
13,LOW,straight,,0.1698736036032264
13,LOW,nearest_tol,Linao,0.1698736036032264
14,LOW,straight,,0.08493595961984067
14,LOW,nearest_tol,Linao,0.08493595961984067
15,LOW,straight,,0.3398105291249375
15,LOW,nearest_tol,,0.3398105291249375
16,LOW,straight,,0.25485370682176517
16,LOW,nearest_tol,,0.25485370682176517
17,LOW,straight,,0.0849508705108759
17,LOW,nearest_tol,,0.0849508705108759
18,LOW,straight,Linao,0.08493490993984615
18,LOW,nearest_tol,Linao,0.08493490993984615
19,LOW,straight,,0.08494976429416032
19,LOW,nearest_tol,,0.08494976429416032
20,LOW,straight,,0.16990103224661326
20,LOW,nearest_tol,,0.16990103224661326
21,LOW,straight,Linao,8.491170074447471e-05
21,LOW,straight,,0.08485072729508733
21,LOW,nearest_tol,Linao,0.0849356389958318
22,LOW,straight,Linao,0.25559127750505284
22,LOW,straight,,0.08415006413852161
22,LOW,nearest_tol,Linao,0.33974134164357445
23,LOW,straight,Linao,0.10190638205529551
23,LOW,straight,,0.06796315619738072
23,LOW,nearest_tol,Linao,0.16986953825267623
24,LOW,straight,Linao,0.16986876076092644
24,LOW,nearest_tol,Linao,0.16986876076092644
25,LOW,straight,Linao,0.08493354078408792
25,LOW,nearest_tol,Linao,0.08493354078408794
26,LOW,straight,,0.08493567275803021
26,LOW,nearest_tol,Linao,0.08493567275803021
27,LOW,straight,,0.0849360083075692
27,LOW,nearest_tol,Linao,0.0849360083075692
28,LOW,straight,,0.08493808667435332
28,LOW,nearest_tol,Linao,0.08493808667435332
29,LOW,straight,,0.16987230483800692
29,LOW,nearest_tol,Linao,0.16987230483800692
30,LOW,straight,,0.0849376804094358
30,LOW,nearest_tol,Linao,0.0849376804094358
31,LOW,straight,,0.08493895796125353
31,LOW,nearest_tol,,0.08493895796125353
32,LOW,straight,Linao,0.0038193379889875033
32,LOW,straight,,0.08111662301135802
32,LOW,nearest_tol,Linao,0.08493596100034553
33,LOW,straight,,0.08493707392762867
33,LOW,nearest_tol,Linao,0.08493707392762867
34,LOW,straight,Linao,0.08493377676416446
34,LOW,nearest_tol,Linao,0.08493377676416446
35,LOW,straight,Linao,0.08493401832522669
35,LOW,nearest_tol,Linao,0.08493401832522669
36,LOW,straight,Linao,8.892203170542206
36,LOW,straight,,13.190796627319216
36,LOW,nearest_tol,Linao,22.082999797861422
37,LOW,straight,Linao,0.08493425988099097
37,LOW,nearest_tol,Linao,0.08493425988099097
38,LOW,straight,,0.08493566747709268
38,LOW,nearest_tol,Linao,0.08493566747709268
39,LOW,straight,Linao,0.08493450143878879
39,LOW,nearest_tol,Linao,0.08493450143878879
40,LOW,straight,,0.08493659836224547
40,LOW,nearest_tol,Linao,0.08493659836224547
41,LOW,straight,,1.2740590020200981
41,LOW,nearest_tol,Linao,1.2740590020200981
42,LOW,straight,,0.08494917861452268
42,LOW,nearest_tol,,0.08494917861452268
43,LOW,straight,,0.16986719785804166
43,LOW,nearest_tol,Linao,0.16986719785804166
44,LOW,straight,,0.08495049613057364
44,LOW,nearest_tol,,0.08495049613057364
45,LOW,straight,,0.0849338912409414
45,LOW,nearest_tol,Linao,0.0849338912409414
46,LOW,straight,,0.08493853704604723
46,LOW,nearest_tol,Linao,0.08493853704604723
47,LOW,straight,,0.5096852659524705
47,LOW,nearest_tol,,0.5096852659524705
48,LOW,straight,,0.16990095309732042
48,LOW,nearest_tol,,0.16990095309732042
49,LOW,straight,,0.16988220872300455
49,LOW,nearest_tol,,0.16988220872300455
50,LOW,straight,,0.1698844242739372
50,LOW,nearest_tol,,0.1698844242739372
51,LOW,straight,,0.08494872041029268
51,LOW,nearest_tol,,0.08494872041029268
52,LOW,straight,,0.16988539012424603
52,LOW,nearest_tol,,0.16988539012424603
53,LOW,straight,,0.08494281089425298
53,LOW,nearest_tol,,0.08494281089425298
54,LOW,straight,,0.08494318179214978
54,LOW,nearest_tol,,0.08494318179214978
55,LOW,straight,,8.239752740240935
55,LOW,nearest_tol,,8.239752740240935
56,LOW,straight,,17.41451854705831
56,LOW,nearest_tol,,17.41451854705831
57,LOW,straight,Punta,0.08493558405011324
57,LOW,nearest_tol,Punta,0.08493558405011324
58,LOW,straight,Punta,0.08493619703582024
58,LOW,nearest_tol,Punta,0.08493619703582024
59,Med,straight,Punta,0.08493667163093285
59,Med,nearest_tol,Punta,0.08493667163093285
60,Med,straight,Punta,0.15569505840149706
60,Med,straight,,0.09911536646193203
60,Med,nearest_tol,Punta,0.2548104248634291
61,Med,straight,,0.084936904769312
61,Med,nearest_tol,Punta,0.084936904769312
62,LOW,straight,,0.08493982270434422
62,LOW,nearest_tol,Maura,0.06606430654782328
62,LOW,nearest_tol,,0.018875516156520937
63,LOW,straight,,0.1698831755940445
63,LOW,nearest_tol,,0.1698831755940445
64,Med,straight,,0.08493822663661252
64,Med,nearest_tol,Maura,0.08493822663661252
65,LOW,straight,,1.529048516952675
65,LOW,nearest_tol,,1.529048516952675
66,Med,straight,,0.25481615697796833
66,Med,nearest_tol,Maura,0.25481615697796833
67,Med,straight,Maura,0.07576069696037623
67,Med,straight,,0.009178186326641621
67,Med,nearest_tol,Maura,0.08493888328701785
68,LOW,straight,,0.594633657516999
68,LOW,nearest_tol,,0.594633657516999
69,LOW,straight,,0.08494454357393684
69,LOW,nearest_tol,,0.08494454357393684
70,LOW,straight,,9.259202453847315
70,LOW,nearest_tol,,9.259202453847315
71,LOW,straight,,14.2712829458018
71,LOW,nearest_tol,,14.271282945801802
72,Med,straight,Maura,0.023154827233212934
72,Med,straight,,0.061784566216457656
72,Med,nearest_tol,Maura,0.0849393934496706
73,Med,straight,,0.08493963523016473
73,Med,nearest_tol,Maura,0.08493963523016473
74,LOW,straight,,0.08494522652803212
74,LOW,nearest_tol,,0.08494522652803212
75,Med,straight,Maura,0.04186206942069263
75,Med,straight,,0.043073657032951344
75,Med,nearest_tol,Maura,0.08493572645364397
76,Med,straight,Maura,0.08493841141150756
76,Med,nearest_tol,Maura,0.08493841141150756
77,Med,straight,Maura,0.046522253391124556
77,Med,straight,,0.12334933893132555
77,Med,nearest_tol,Maura,0.1698715923224501
78,Med,straight,Maura,0.1698769963613864
78,Med,nearest_tol,Maura,0.16987699636138637
79,Med,straight,Maura,0.005901503598703242
79,Med,straight,,0.07903436230695472
79,Med,nearest_tol,Maura,0.08493586590565796
80,Med,straight,Maura,0.0035754963534688896
80,Med,straight,,0.08136044784741221
80,Med,nearest_tol,Maura,0.0849359442008811
81,Med,straight,Maura,0.0006618957306829302
81,Med,straight,,0.08427420518268312
81,Med,nearest_tol,Maura,0.08493610091336605
82,Med,straight,,0.16987249845677804
82,Med,nearest_tol,Maura,0.16987249845677804
83,Med,straight,Maura,0.006301423918491476
83,Med,straight,,0.4183804754479766
83,Med,nearest_tol,Maura,0.42468189936646805
84,LOW,straight,Maura,0.0849401179386915
84,LOW,nearest_tol,Maura,0.0849401179386915
85,Med,straight,Maura,0.14577661841694056
85,Med,straight,,1.4680220045776178
85,Med,nearest_tol,Maura,1.6137986229945585
86,Med,straight,Maura,0.2548160878644748
86,Med,nearest_tol,Maura,0.2548160878644748
87,Med,straight,Maura,0.1698780334829026
87,Med,nearest_tol,Maura,0.1698780334829026
88,LOW,straight,,0.16987945118066797
88,LOW,nearest_tol,Maura,0.16987945118066797
89,Med,straight,Maura,0.08493829327621742
89,Med,nearest_tol,Maura,0.08493829327621742
90,Med,straight,,0.08493939055067436
90,Med,nearest_tol,Maura,0.08493939055067436
91,Med,straight,Maura,0.002254178720020956
91,Med,straight,,0.08268297735695616
91,Med,nearest_tol,Maura,0.08493715607697712
92,Med,straight,Maura,0.08493907520959809
92,Med,nearest_tol,Maura,0.0849390752095981
93,Med,straight,Maura,0.10904449703661867
93,Med,straight,,0.14576888812593936
93,Med,nearest_tol,Maura,0.254813385162558
94,Med,straight,Maura,0.13639107819019275
94,Med,straight,,0.20336071116638688
94,Med,nearest_tol,Maura,0.3397517893565796
95,Med,straight,Maura,0.1920411539069853
95,Med,straight,,0.40252581136924137
95,Med,nearest_tol,Maura,0.5945669652762267
96,Med,straight,Maura,0.2722212110967847
96,Med,straight,,0.3223509685302188
96,Med,nearest_tol,Maura,0.5945721796270035
97,Med,straight,Maura,1.359047331658411
97,Med,nearest_tol,Maura,1.3590473316584113
98,Med,straight,Maura,0.07706105879426779
98,Med,straight,,0.26269844753982724
98,Med,nearest_tol,Maura,0.339759506334095
99,Med,straight,Maura,0.1316149277469965
99,Med,straight,,0.2081464398411944
99,Med,nearest_tol,Maura,0.3397613675881909
100,Med,straight,Dodan,0.01783144640119477
100,Med,straight,Maura,0.9402592289784175
100,Med,straight,,1.0804838516437751
100,Med,nearest_tol,Dodan,0.07878548896708744
100,Med,nearest_tol,Maura,1.9597890380563001
101,Med,straight,Maura,0.25482482385453503
101,Med,nearest_tol,Maura,0.25482482385453503
102,Med,straight,Dodan,0.16988348044501186
102,Med,nearest_tol,Dodan,0.16988348044501186
103,Med,straight,Dodan,0.9888332187550354
103,Med,straight,,0.7099861142096043
103,Med,nearest_tol,Dodan,1.6988193329646397
104,Med,straight,Dodan,0.23707768430700968
104,Med,straight,,0.017746432597043865
104,Med,nearest_tol,Dodan,0.25482411690405354
105,Med,straight,Dodan,0.16503807239095294
105,Med,straight,,0.004845169311005898
105,Med,nearest_tol,Dodan,0.16988324170195884
106,Med,straight,Dodan,0.5034755471548972
106,Med,straight,,0.770651583072031
106,Med,nearest_tol,Dodan,1.2741271302269281
107,Med,straight,Dodan,0.297632037988375
107,Med,straight,,0.04213656453865122
107,Med,nearest_tol,Dodan,0.33976860252702623
108,Med,straight,Dodan,0.11866302497364734
108,Med,straight,,0.051221501036785716
108,Med,nearest_tol,Dodan,0.16988452601043305
109,Med,straight,Dodan,0.06965786349833275
109,Med,straight,,0.015284488055486281
109,Med,nearest_tol,Dodan,0.08494235155381903
110,Med,straight,Dodan,0.0845032296079314
110,Med,straight,,0.0004392186731605463
110,Med,nearest_tol,Dodan,0.08494244828109195
111,Med,straight,Dodan,0.7866529555650849
111,Med,straight,Paddaya,0.27672508762700987
111,Med,straight,,0.21076191311948422
111,Med,nearest_tol,Dodan,0.9481971767900123
111,Med,nearest_tol,Paddaya,0.32594277952156675
112,Med,straight,Paddaya,0.15884128004125386
112,Med,straight,,0.011044792541903908
112,Med,nearest_tol,Paddaya,0.16988607258315777
113,Med,straight,Paddaya,0.7128993071959738
113,Med,straight,,0.9859661378005314
113,Med,nearest_tol,Paddaya,1.698865444996505
114,Hig,straight,Bulala Norte,0.05313479762171728
114,Hig,straight,,22.652375773561985
114,Hig,nearest_tol,Bulala Norte,12.035215783233836
114,Hig,nearest_tol,Linao,2.401065400463042
114,Hig,nearest_tol,Bulala Sur,8.269229387486826
115,Med,straight,Linao,0.617659106351736
115,Med,straight,,8.65364961048364
115,Med,nearest_tol,Linao,9.271308716835376
116,Med,straight,Maura,0.07706105879426779
116,Med,straight,,0.26269844753982724
116,Med,nearest_tol,Maura,0.339759506334095
117,Med,straight,Maura,0.1316149277469965
117,Med,straight,,0.2081464398411944
117,Med,nearest_tol,Maura,0.3397613675881909
118,Med,straight,Dodan,0.01783144640119477
118,Med,straight,Maura,0.9402592289784175
118,Med,straight,,1.0804838516437751
118,Med,nearest_tol,Dodan,0.07878548896708744
118,Med,nearest_tol,Maura,1.9597890380563001
119,Med,straight,Maura,0.14892006325750862
119,Med,straight,,2.2364538326373076
119,Med,nearest_tol,Maura,2.385373895894816
120,Med,straight,,1.659451679983886
120,Med,nearest_tol,Maura,1.659451679983886
121,Med,straight,San Antonio,0.767126216002601
121,Med,straight,Maura,0.11828944282145878
121,Med,straight,Punta,0.17972568002001663
121,Med,straight,,6.264300737308512
121,Med,nearest_tol,San Antonio,2.744811415221322
121,Med,nearest_tol,Maura,1.2829009875490962
121,Med,nearest_tol,Punta,3.30172967338217
122,Hig,straight,Linao,12.966867230003436
122,Hig,straight,,0.028194206308061354
122,Hig,nearest_tol,Linao,12.995061436311497
123,Med,straight,Paddaya,0.006693374790370983
123,Med,straight,,7.095399824946406
123,Med,nearest_tol,Paddaya,7.102093199736776
