Risk_Level,EPR_90_25,count,Risk_Code,label,geom_type,area_ha,n_vertices,ha_per_count,pixel_type,valid
LOW,0.857142857142857,3,1,1,MultiPolygon,0.25480917631975786,10,0.08493639210658595,True,True
LOW,0.857142857142857,1,1,1,Polygon,0.0849397929821517,5,0.0849397929821517,True,True
LOW,0.857142857142857,1,1,1,Polygon,0.08493681338429365,5,0.08493681338429365,True,True
LOW,0.857142857142857,1,1,1,Polygon,0.0849402931566769,5,0.0849402931566769,True,True
LOW,0.857142857142857,1,1,1,Polygon,0.08493705460408607,5,0.08493705460408607,True,True
LOW,0.857142857142857,2,1,1,Polygon,0.16988042500150882,5,0.08494021250075441,True,True
LOW,0.857142857142857,1,1,1,Polygon,0.08493895262411874,5,0.08493895262411874,True,True
LOW,0.857142857142857,1,1,1,Polygon,0.08493852828063334,5,0.08493852828063334,True,True
LOW,0.857142857142857,1,1,1,Polygon,0.08495269477196957,5,0.08495269477196957,True,True
LOW,0.857142857142857,1,1,1,Polygon,0.08493755004024604,5,0.08493755004024604,True,True
LOW,0.857142857142857,1,1,1,Polygon,0.08493469948723037,5,0.08493469948723037,True,True
LOW,0.857142857142857,1,1,1,Polygon,0.0849372730865403,5,0.0849372730865403,True,True
LOW,0.857142857142857,29,1,1,MultiPolygon,2.4636035922883326,31,0.0849518480099425,True,True
LOW,0.857142857142857,2,1,1,Polygon,0.1698736036032264,5,0.0849368018016132,True,True
LOW,0.857142857142857,1,1,1,Polygon,0.08493595961984067,5,0.08493595961984067,True,True
LOW,0.857142857142857,4,1,1,Polygon,0.3398105291249375,9,0.08495263228123437,True,True
LOW,0.857142857142857,3,1,1,Polygon,0.25485370682176517,7,0.08495123560725505,True,True
LOW,0.857142857142857,1,1,1,Polygon,0.0849508705108759,5,0.0849508705108759,True,True
LOW,0.857142857142857,1,1,1,Polygon,0.08493490993984615,5,0.08493490993984615,True,True
LOW,0.857142857142857,1,1,1,Polygon,0.08494976429416032,5,0.08494976429416032,True,True
LOW,0.857142857142857,2,1,1,Polygon,0.16990103224661326,5,0.08495051612330663,True,True
LOW,0.857142857142857,1,1,1,Polygon,0.0849356389958318,5,0.0849356389958318,True,True
LOW,0.857142857142857,4,1,1,MultiPolygon,0.33974134164357445,20,0.08493533541089361,True,True
LOW,0.857142857142857,2,1,1,Polygon,0.16986953825267623,5,0.08493476912633811,True,True
LOW,0.857142857142857,2,1,1,Polygon,0.16986876076092644,5,0.08493438038046322,True,True
LOW,0.857142857142857,1,1,1,Polygon,0.08493354078408794,5,0.08493354078408794,True,True
LOW,0.857142857142857,1,1,1,Polygon,0.08493567275803021,5,0.08493567275803021,True,True
LOW,0.857142857142857,1,1,1,Polygon,0.0849360083075692,5,0.0849360083075692,True,True
LOW,0.857142857142857,1,1,1,Polygon,0.08493808667435332,5,0.08493808667435332,True,True
LOW,0.857142857142857,2,1,1,Polygon,0.16987230483800692,5,0.08493615241900346,True,True
LOW,0.857142857142857,1,1,1,Polygon,0.0849376804094358,5,0.0849376804094358,True,True
LOW,0.857142857142857,1,1,1,Polygon,0.08493895796125353,5,0.08493895796125353,True,True
LOW,0.857142857142857,1,1,1,Polygon,0.08493596100034553,5,0.08493596100034553,True,True
LOW,0.857142857142857,1,1,1,Polygon,0.08493707392762867,5,0.08493707392762867,True,True
LOW,0.857142857142857,1,1,1,Polygon,0.08493377676416446,5,0.08493377676416446,True,True
LOW,0.857142857142857,1,1,1,Polygon,0.08493401832522669,5,0.08493401832522669,True,True
LOW,0.857142857142857,260,1,1,MultiPolygon,22.082999797861422,102,0.08493461460715931,True,True
LOW,0.857142857142857,1,1,1,Polygon,0.08493425988099097,5,0.08493425988099097,True,True
LOW,0.857142857142857,1,1,1,Polygon,0.08493566747709268,5,0.08493566747709268,True,True
LOW,0.857142857142857,1,1,1,Polygon,0.08493450143878879,5,0.08493450143878879,True,True
LOW,0.857142857142857,1,1,1,Polygon,0.08493659836224547,5,0.08493659836224547,True,True
LOW,0.857142857142857,15,1,1,MultiPolygon,1.2740590020200981,37,0.08493726680133988,True,True
LOW,0.857142857142857,1,1,1,Polygon,0.08494917861452268,5,0.08494917861452268,True,True
LOW,0.857142857142857,2,1,1,Polygon,0.16986719785804166,5,0.08493359892902083,True,True
LOW,0.857142857142857,1,1,1,Polygon,0.08495049613057364,5,0.08495049613057364,True,True
LOW,0.857142857142857,1,1,1,Polygon,0.0849338912409414,5,0.0849338912409414,True,True
LOW,0.857142857142857,1,1,1,Polygon,0.08493853704604723,5,0.08493853704604723,True,True
LOW,0.857142857142857,6,1,1,Polygon,0.5096852659524705,9,0.08494754432541175,True,True
LOW,0.857142857142857,2,1,1,Polygon,0.16990095309732042,5,0.08495047654866021,True,True
LOW,0.857142857142857,2,1,1,Polygon,0.16988220872300455,5,0.08494110436150228,True,True
LOW,0.857142857142857,2,1,1,MultiPolygon,0.1698844242739372,10,0.0849422121369686,True,True
LOW,0.857142857142857,1,1,1,Polygon,0.08494872041029268,5,0.08494872041029268,True,True
LOW,0.857142857142857,2,1,1,MultiPolygon,0.16988539012424603,10,0.08494269506212301,True,True
LOW,0.857142857142857,1,1,1,Polygon,0.08494281089425298,5,0.08494281089425298,True,True
LOW,0.857142857142857,1,1,1,Polygon,0.08494318179214978,5,0.08494318179214978,True,True
LOW,0.857142857142857,97,1,1,MultiPolygon,8.239752740240935,60,0.08494590453856633,True,True
LOW,0.857142857142857,205,1,1,MultiPolygon,17.41451854705831,95,0.08494887096126005,True,True
LOW,0.857142857142857,1,1,1,Polygon,0.08493558405011324,5,0.08493558405011324,True,True
LOW,0.857142857142857,1,1,1,Polygon,0.08493619703582024,5,0.08493619703582024,True,True
Med,0.857142857142857,1,1,1,Polygon,0.08493667163093285,5,0.08493667163093285,True,True
Med,0.857142857142857,3,1,1,Polygon,0.2548104248634291,7,0.0849368082878097,True,True
Med,0.857142857142857,1,1,1,Polygon,0.084936904769312,5,0.084936904769312,True,True
LOW,0.857142857142857,1,1,1,Polygon,0.08493982270434422,5,0.08493982270434422,True,True
LOW,0.857142857142857,2,1,1,MultiPolygon,0.1698831755940445,10,0.08494158779702225,True,True
Med,0.857142857142857,1,1,1,Polygon,0.08493822663661252,5,0.08493822663661252,True,True
LOW,0.857142857142857,18,1,1,Polygon,1.529048516952675,13,0.08494713983070418,True,True
Med,0.857142857142857,3,1,1,MultiPolygon,0.25481615697796833,10,0.0849387189926561,True,True
Med,0.857142857142857,1,1,1,Polygon,0.08493888328701785,5,0.08493888328701785,True,True
LOW,0.857142857142857,7,1,1,Polygon,0.594633657516999,9,0.0849476653595713,True,True
LOW,0.857142857142857,1,1,1,Polygon,0.08494454357393684,5,0.08494454357393684,True,True
LOW,0.857142857142857,109,1,1,Polygon,9.259202453847315,79,0.08494681150318638,True,True
LOW,0.857142857142857,168,1,1,Polygon,14.2712829458018,33,0.08494811277262977,True,True
Med,0.857142857142857,1,1,1,Polygon,0.0849393934496706,5,0.0849393934496706,True,True
Med,0.857142857142857,1,1,1,Polygon,0.08493963523016473,5,0.08493963523016473,True,True
LOW,0.857142857142857,1,1,1,Polygon,0.08494522652803212,5,0.08494522652803212,True,True
Med,0.857142857142857,1,1,1,Polygon,0.08493572645364397,5,0.08493572645364397,True,True
Med,0.857142857142857,1,1,1,Polygon,0.08493841141150756,5,0.08493841141150756,True,True
Med,0.857142857142857,2,1,1,Polygon,0.1698715923224501,5,0.08493579616122506,True,True
Med,0.857142857142857,2,1,1,Polygon,0.16987699636138637,5,0.08493849818069318,True,True
Med,0.857142857142857,1,1,1,Polygon,0.08493586590565796,5,0.08493586590565796,True,True
Med,0.857142857142857,1,1,1,Polygon,0.0849359442008811,5,0.0849359442008811,True,True
Med,0.857142857142857,1,1,1,Polygon,0.08493610091336605,5,0.08493610091336605,True,True
Med,0.857142857142857,2,1,1,Polygon,0.16987249845677804,5,0.08493624922838902,True,True
Med,0.857142857142857,5,1,1,MultiPolygon,0.42468189936646805,10,0.08493637987329361,True,True
LOW,0.857142857142857,1,1,1,Polygon,0.0849401179386915,5,0.0849401179386915,True,True
Med,0.857142857142857,19,1,1,MultiPolygon,1.6137986229945585,33,0.08493676963129256,True,True
Med,0.857142857142857,3,1,1,Polygon,0.2548160878644748,7,0.08493869595482494,True,True
Med,0.857142857142857,2,1,1,Polygon,0.1698780334829026,5,0.0849390167414513,True,True
LOW,0.857142857142857,2,1,1,Polygon,0.16987945118066797,5,0.08493972559033398,True,True
Med,0.857142857142857,1,1,1,Polygon,0.08493829327621742,5,0.08493829327621742,True,True
Med,0.857142857142857,1,1,1,Polygon,0.08493939055067436,5,0.08493939055067436,True,True
Med,0.857142857142857,1,1,1,Polygon,0.08493715607697712,5,0.08493715607697712,True,True
Med,0.857142857142857,1,1,1,Polygon,0.0849390752095981,5,0.0849390752095981,True,True
Med,0.857142857142857,3,1,1,Polygon,0.254813385162558,7,0.08493779505418601,True,True
Med,0.857142857142857,4,1,1,Polygon,0.3397517893565796,9,0.0849379473391449,True,True
Med,0.857142857142857,7,1,1,Polygon,0.5945669652762267,11,0.0849381378966038,True,True
Med,0.857142857142857,7,1,1,Polygon,0.5945721796270035,7,0.08493888280385764,True,True
Med,0.857142857142857,16,1,1,MultiPolygon,1.3590473316584113,18,0.0849404582286507,True,True
Med,0.857142857142857,4,1,1,MultiPolygon,0.339759506334095,10,0.08493987658352375,True,True
Med,0.857142857142857,4,1,1,Polygon,0.3397613675881909,7,0.08494034189704773,True,True
Med,0.857142857142857,24,1,1,MultiPolygon,2.0385745270233873,26,0.08494060529264114,True,True
Med,0.857142857142857,3,1,1,Polygon,0.25482482385453503,5,0.08494160795151168,True,True
Med,0.857142857142857,2,1,1,Polygon,0.16988348044501186,5,0.08494174022250593,True,True
Med,0.857142857142857,20,1,1,MultiPolygon,1.6988193329646397,22,0.08494096664823199,True,True
Med,0.857142857142857,3,1,1,Polygon,0.25482411690405354,5,0.08494137230135118,True,True
Med,0.857142857142857,2,1,1,Polygon,0.16988324170195884,5,0.08494162085097942,True,True
Med,0.857142857142857,15,1,1,MultiPolygon,1.2741271302269281,29,0.08494180868179521,True,True
Med,0.857142857142857,4,1,1,MultiPolygon,0.33976860252702623,10,0.08494215063175656,True,True
Med,0.857142857142857,2,1,1,Polygon,0.16988452601043305,5,0.08494226300521653,True,True
Med,0.857142857142857,1,1,1,Polygon,0.08494235155381903,5,0.08494235155381903,True,True
Med,0.857142857142857,1,1,1,Polygon,0.08494244828109195,5,0.08494244828109195,True,True
Med,0.857142857142857,15,1,1,MultiPolygon,1.274139956311579,22,0.08494266375410527,True,True
Med,0.857142857142857,2,1,1,Polygon,0.16988607258315777,5,0.08494303629157889,True,True
Med,0.857142857142857,20,1,1,Polygon,1.6988654449965053,19,0.08494327224982526,True,True
Hig,5.72642,1,1,1,Polygon,22.7055105711837,22,22.7055105711837,False,True
Med,2.5864,1,1,1,Polygon,9.271308716835376,11,9.271308716835376,False,True
Med,0.857142857142857,4,1,1,MultiPolygon,0.339759506334095,10,0.08493987658352375,True,True
Med,0.857142857142857,4,1,1,Polygon,0.3397613675881909,7,0.08494034189704773,True,True
Med,0.857142857142857,24,1,1,MultiPolygon,2.0385745270233873,26,0.08494060529264114,True,True
Med,2.5864,1,1,1,Polygon,2.385373895894816,9,2.385373895894816,False,True
Med,2.5864,1,1,1,Polygon,1.520340215785455,7,1.520340215785455,False,False
Med,2.5864,1,1,1,Polygon,7.313894967113323,22,7.313894967113323,False,False
Hig,5.72642,1,1,1,Polygon,12.995061436311497,14,12.995061436311497,False,True
Med,2.5864,3,1,1,Polygon,7.019171093962481,17,2.339723697987494,False,False
