year,barangay,inside_km,within_tol_km,min_distance_m
1990,Dodan,0.0,3.004640062540277,43.472573996068405
1990,Bulala Norte,0.0,2.2976824960432762,122.35590345173134
1990,San Antonio,0.0,2.035783221662036,38.57536324239683
1990,Linao,6.250040747153538,11.506318076513777,0.0
1990,Maura,0.0,7.051391235127155,47.65416036963241
1990,Paddaya,0.0,5.131976037558937,43.472573996068405
1990,Punta,1.3085371121420466,2.772120123465913,0.0
1990,Bulala Sur,0.0,1.928164790371563,94.7977468639672
2000,Dodan,0.0,3.010196251185462,12.741396468089201
2000,Bulala Norte,0.0,2.3286302456908055,64.49694276842548
2000,San Antonio,0.0,1.675993599884135,16.951527257916815
2000,Linao,6.543740524005018,15.070216209003892,0.0
2000,Maura,0.0,6.928800646156274,16.951527257916815
2000,Paddaya,0.0,5.121224367164216,21.647752020113593
2000,Punta,0.6687267958023402,3.1708306363419654,0.0
2000,Bulala Sur,0.0,1.8945001035774802,37.74330321075805
2010,Dodan,0.07512653548407597,3.036737737290171,0.0
2010,Bulala Norte,0.0,4.661283265305781,12.895906319769287
2010,San Antonio,0.020673898308255948,1.7408950372881697,0.0
2010,Linao,13.309763617556301,24.498295344918013,0.0
2010,Maura,0.08545033503475852,6.982676177295949,0.0
2010,Paddaya,0.008316805726637918,5.137122255026359,0.0
2010,Punta,0.8792152703610262,2.7021875060648157,0.0
2010,Bulala Sur,0.024788433858962067,3.8771551465862055,0.0
2020,Dodan,1.1039005435878229,3.0493768372336936,0.0
2020,Bulala Norte,0.0,2.320014133912857,32.412445483100754
2020,San Antonio,0.0,1.928847860749799,12.901585745538409
2020,Linao,5.876545148027265,9.245328494294762,0.0
2020,Maura,1.1440184415759262,6.893043874523098,0.0
2020,Paddaya,0.3640682621622349,5.142276135208073,0.0
2020,Punta,0.7748737808854311,3.0397276424257136,0.0
2020,Bulala Sur,0.0,1.9423930291018694,32.412445483100754
2025,Dodan,2.008790114756336,3.009447134127396,0.0
2025,Bulala Norte,0.0,2.326510713675436,11.2467305522752
2025,San Antonio,0.12171570690214965,2.0421495978686455,0.0
2025,Linao,8.546040580744164,13.54821862686682,0.0
2025,Maura,1.0086489878270708,6.832163838688829,0.0
2025,Paddaya,0.6054881350200159,5.1609825374193745,0.0
2025,Punta,1.3294315623686876,3.037433334167487,0.0
2025,Bulala Sur,0.0,1.9391521966695489,11.2467305522752
