file,crs,width,height,dtype,nodata,pixel_deg,pixel_m_EW,pixel_m_NS,distinct_values,min,max
Aparri_EPR_1990_2025.tif,EPSG:4326,521,223,float32,,0.00026949458523585647,28.482346061896887,29.82888226413812,128,-82.03533172607422,14.79658031463623
Aparri_Erosion_Accretion_1990_2025.tif,EPSG:4326,521,223,uint8,,0.00026949458523585647,28.482346061896887,29.82888226413812,3,0.0,2.0
Aparri_Erosion_Risk_1990_2025.tif,EPSG:4326,521,223,uint8,,0.00026949458523585647,28.482346061896887,29.82888226413812,3,1.0,3.0
Aparri_NSM_1990_2025.tif,EPSG:4326,521,223,float32,,0.00026949458523585647,28.482346061896887,29.82888226413812,128,-2871.236572265625,517.8803100585938
Aparri_Shoreline_1990.tif,EPSG:4326,521,223,uint8,,0.00026949458523585647,28.482346061896887,29.82888226413812,2,0.0,1.0
Aparri_Shoreline_2000.tif,EPSG:4326,521,223,uint8,,0.00026949458523585647,28.482346061896887,29.82888226413812,2,0.0,1.0
Aparri_Shoreline_2010.tif,EPSG:4326,521,223,uint8,,0.00026949458523585647,28.482346061896887,29.82888226413812,2,0.0,1.0
Aparri_Shoreline_2020.tif,EPSG:4326,521,223,uint8,,0.00026949458523585647,28.482346061896887,29.82888226413812,2,0.0,1.0
Aparri_Shoreline_2025.tif,EPSG:4326,521,223,uint8,,0.00026949458523585647,28.482346061896887,29.82888226413812,2,0.0,1.0
