year_a,year_b,covered_a_km,covered_b_km,common_km
1990,2000,14.293283950169656,14.282320796051874,14.207375067783506
1990,2010,14.293283950169656,13.823786859704883,13.766353432068948
1990,2020,14.293283950169656,13.969176785113051,13.74433748055498
1990,2025,14.293283950169656,13.79934574488495,13.706873679501305
2000,2010,14.282320796051874,13.823786859704883,13.823786859704883
2000,2020,14.282320796051874,13.969176785113051,13.7728723787694
2000,2025,14.282320796051874,13.79934574488495,13.77733227418384
2010,2020,13.823786859704883,13.969176785113051,13.761865682164316
2010,2025,13.823786859704883,13.79934574488495,13.759849341974052
2020,2025,13.969176785113051,13.79934574488495,13.735408577715724
all,all,,,13.702415914338117
