shoreline_set,Barangay,Mean EPR (m/yr),Min EPR (m/yr),Max EPR (m/yr),Low risk (km),Medium risk (km),High risk (km),Unclassified (km),Classified shoreline (km),n transects,n valid,n flagged,% eroding,Mean LRR (m/yr),confidence high/medium/low (n),% classes that may flip,"Low risk (ha, 100 m strip)","Medium risk (ha, 100 m strip)","High risk (ha, 100 m strip)",data quality
vector_clean,Dodan,-1.93,-2.211,-1.763,1.25,0.749,0.0,0.0,1.999,40,40,0,100.0,-1.719,0/40/0,100.0,12.501,7.491,0.0,40 of 40 transects valid; 2.00 km classified
vector_clean,Maura,-1.389,-2.073,-0.619,5.697,0.15,0.0,0.0,5.847,117,117,0,100.0,-1.417,7/110/0,94.017,56.974,1.5,0.0,117 of 117 transects valid; 5.85 km classified
vector_clean,Bulala Norte,-3.35,-3.494,-3.193,0.0,1.346,0.0,0.0,1.346,27,27,0,100.0,-3.218,26/1/0,3.704,0.0,13.455,0.0,27 of 27 transects valid; 1.35 km classified
vector_clean,San Antonio,-0.911,-1.408,-0.528,0.651,0.0,0.0,0.0,0.651,13,13,0,100.0,-0.798,6/7/0,53.846,6.514,0.0,0.0,13 of 13 transects valid; 0.65 km classified
vector_clean,Linao,-0.699,-3.213,5.299,1.28,1.309,0.0,0.652,2.589,77,48,34,62.5,0.168,15/33/0,58.333,12.795,13.091,0.0,48 of 77 transects valid; 2.59 km classified; 34 flagged
vector_clean,Paddaya,-1.412,-1.761,-1.365,4.65,0.0,0.0,0.0,4.65,93,93,0,100.0,-1.2,0/93/0,100.0,46.498,0.0,0.0,93 of 93 transects valid; 4.65 km classified
vector_clean,Punta,0.189,-0.053,0.534,0.302,0.0,0.0,0.747,0.302,19,6,13,33.333,-0.048,6/0/0,0.0,3.015,0.0,0.0,6 of 19 transects valid; 0.30 km classified; 13 flagged
vector_clean,Bulala Sur,-2.741,-3.163,-2.318,0.0,1.435,0.0,0.0,1.435,29,29,1,100.0,-2.444,0/29/0,100.0,0.0,14.354,0.0,29 of 29 transects valid; 1.44 km classified; 1 flagged
raster_clean,Dodan,-1.642,-1.965,-0.906,2.172,0.0,0.0,0.0,2.172,40,40,38,100.0,-1.404,0/40/0,100.0,21.72,0.0,0.0,40 of 40 transects valid; 2.17 km classified; 38 flagged
raster_clean,Maura,-1.064,-1.971,0.0,6.35,0.0,0.0,0.0,6.35,117,117,47,96.581,-0.912,14/103/0,80.342,63.501,0.0,0.0,117 of 117 transects valid; 6.35 km classified; 47 flagged
raster_clean,Bulala Norte,-3.455,-3.925,-2.944,0.0,0.792,0.0,0.0,0.792,26,15,11,100.0,-3.135,7/8/0,53.333,0.0,7.921,0.0,15 of 26 transects valid; 0.79 km classified; 11 flagged
raster_clean,San Antonio,0.127,0.0,0.689,0.709,0.0,0.0,0.0,0.709,13,13,5,0.0,0.078,8/5/0,0.0,7.094,0.0,0.0,13 of 13 transects valid; 0.71 km classified; 5 flagged
raster_clean,Linao,-1.036,-7.399,3.794,1.113,1.419,0.032,0.627,2.564,77,49,34,67.347,-0.181,21/28/0,44.898,11.126,14.193,0.323,49 of 77 transects valid; 2.56 km classified; 34 flagged
raster_clean,Paddaya,-1.926,-2.61,-1.353,0.597,0.163,0.0,0.041,0.76,93,14,85,100.0,-1.726,0/14/0,100.0,5.971,1.629,0.0,14 of 93 transects valid; 0.76 km classified; 85 flagged
raster_clean,Punta,1.291,0.669,2.19,0.326,0.0,0.0,0.76,0.326,19,6,13,0.0,0.856,6/0/0,0.0,3.261,0.0,0.0,6 of 19 transects valid; 0.33 km classified; 13 flagged
raster_clean,Bulala Sur,,,,0.0,0.0,0.0,0.0,0.0,30,0,30,,,0/0/0,,0.0,0.0,0.0,0 of 30 transects valid; 0.00 km classified; 30 flagged
