barangay,factor,observed_level (none/low/moderate/high/unknown),evidence,source_code (S1 MDRRMO / S2 DPWH / F field / other),date,photo_file,notes
Bulala Sur,Waves and winds,,,,,,
Bulala Sur,Typhoons and storm surge,,,,,,
Bulala Sur,Tides,,,,,,
Bulala Sur,Sea-level rise and subsidence,,,,,,
Bulala Sur,Sediment supply (Cagayan River),,,,,,
Bulala Sur,Longshore transport / spit dynamics,,,,,,
Bulala Sur,Existing protection structures,,,,,,
Bulala Sur,Land use behind the shore,,,,,,
Bulala Sur,Vegetation / mangrove belt,,,,,,
Bulala Sur,Sand mining / quarrying,,,,,,
Bulala Sur,Other,,,,,,
Bulala Norte,Waves and winds,,,,,,
Bulala Norte,Typhoons and storm surge,,,,,,
Bulala Norte,Tides,,,,,,
Bulala Norte,Sea-level rise and subsidence,,,,,,
Bulala Norte,Sediment supply (Cagayan River),,,,,,
Bulala Norte,Longshore transport / spit dynamics,,,,,,
Bulala Norte,Existing protection structures,,,,,,
Bulala Norte,Land use behind the shore,,,,,,
Bulala Norte,Vegetation / mangrove belt,,,,,,
Bulala Norte,Sand mining / quarrying,,,,,,
Bulala Norte,Other,,,,,,
Linao,Waves and winds,,,,,,
Linao,Typhoons and storm surge,,,,,,
Linao,Tides,,,,,,
Linao,Sea-level rise and subsidence,,,,,,
Linao,Sediment supply (Cagayan River),,,,,,
Linao,Longshore transport / spit dynamics,,,,,,
Linao,Existing protection structures,,,,,,
Linao,Land use behind the shore,,,,,,
Linao,Vegetation / mangrove belt,,,,,,
Linao,Sand mining / quarrying,,,,,,
Linao,Other,,,,,,
Punta,Waves and winds,,,,,,
Punta,Typhoons and storm surge,,,,,,
Punta,Tides,,,,,,
Punta,Sea-level rise and subsidence,,,,,,
Punta,Sediment supply (Cagayan River),,,,,,
Punta,Longshore transport / spit dynamics,,,,,,
Punta,Existing protection structures,,,,,,
Punta,Land use behind the shore,,,,,,
Punta,Vegetation / mangrove belt,,,,,,
Punta,Sand mining / quarrying,,,,,,
Punta,Other,,,,,,
San Antonio,Waves and winds,,,,,,
San Antonio,Typhoons and storm surge,,,,,,
San Antonio,Tides,,,,,,
San Antonio,Sea-level rise and subsidence,,,,,,
San Antonio,Sediment supply (Cagayan River),,,,,,
San Antonio,Longshore transport / spit dynamics,,,,,,
San Antonio,Existing protection structures,,,,,,
San Antonio,Land use behind the shore,,,,,,
San Antonio,Vegetation / mangrove belt,,,,,,
San Antonio,Sand mining / quarrying,,,,,,
San Antonio,Other,,,,,,
Maura,Waves and winds,,,,,,
Maura,Typhoons and storm surge,,,,,,
Maura,Tides,,,,,,
Maura,Sea-level rise and subsidence,,,,,,
Maura,Sediment supply (Cagayan River),,,,,,
Maura,Longshore transport / spit dynamics,,,,,,
Maura,Existing protection structures,,,,,,
Maura,Land use behind the shore,,,,,,
Maura,Vegetation / mangrove belt,,,,,,
Maura,Sand mining / quarrying,,,,,,
Maura,Other,,,,,,
Dodan,Waves and winds,,,,,,
Dodan,Typhoons and storm surge,,,,,,
Dodan,Tides,,,,,,
Dodan,Sea-level rise and subsidence,,,,,,
Dodan,Sediment supply (Cagayan River),,,,,,
Dodan,Longshore transport / spit dynamics,,,,,,
Dodan,Existing protection structures,,,,,,
Dodan,Land use behind the shore,,,,,,
Dodan,Vegetation / mangrove belt,,,,,,
Dodan,Sand mining / quarrying,,,,,,
Dodan,Other,,,,,,
Paddaya,Waves and winds,,,,,,
Paddaya,Typhoons and storm surge,,,,,,
Paddaya,Tides,,,,,,
Paddaya,Sea-level rise and subsidence,,,,,,
Paddaya,Sediment supply (Cagayan River),,,,,,
Paddaya,Longshore transport / spit dynamics,,,,,,
Paddaya,Existing protection structures,,,,,,
Paddaya,Land use behind the shore,,,,,,
Paddaya,Vegetation / mangrove belt,,,,,,
Paddaya,Sand mining / quarrying,,,,,,
Paddaya,Other,,,,,,
